strategy,period,cagr,sharpe,max_drawdown,calmar,worst_21d,max_drawdown_days
baseline,dotcom,-0.44451735328219033,-0.9551670371513244,-0.8252356903973426,-0.5386550272300508,-0.5249751137429153,652
baseline,gfc,-0.37225812165828753,-1.0671450592773752,-0.5825268087693962,-0.6390403257915167,-0.3261216463324005,355
baseline,covid,-0.6605873067340287,-1.4444283210230047,-0.44075176325987386,-1.4987740533315494,-0.3720595794830658,50
baseline,2022_bear,-0.37965120093099014,-1.7952000512137165,-0.45108972719308704,-0.8416312277678673,-0.2624113164023225,250
managed_v0.40_b0.07_r0.10,dotcom,-0.15421976824542483,-1.116830173796653,-0.39851716940722937,-0.38698399989846755,-0.1869742892216445,652
managed_v0.40_b0.07_r0.10,gfc,-0.2115227033731999,-0.8969955182071594,-0.3845639326414322,-0.5500326094554059,-0.2129470290252341,355
managed_v0.40_b0.07_r0.10,covid,-0.3899710814082804,-1.2732441006858555,-0.2713492077459213,-1.4371557766751657,-0.24831426866274176,50
managed_v0.40_b0.07_r0.10,2022_bear,-0.18094348194225418,-1.3165303620489825,-0.24745986152966137,-0.7312033588952999,-0.15005788508949758,250
managed_v0.40_b0.12_r1.00,dotcom,-0.12740872522309798,-0.9088140981959836,-0.34596880196099167,-0.36826651565381163,-0.19134289968288165,652
managed_v0.40_b0.12_r1.00,gfc,-0.23727428583503318,-1.0169378728422307,-0.4277188463518179,-0.5547435841530921,-0.2107416929446645,355
managed_v0.40_b0.12_r1.00,covid,-0.44510743215191995,-1.4254563310355761,-0.28356017778497145,-1.5697106541153765,-0.26984735198415855,50
managed_v0.40_b0.12_r1.00,2022_bear,-0.20363349714703394,-1.4002142209096837,-0.26546782629230403,-0.7670741121103507,-0.15590423411977494,250
managed_v0.50_b0.07_r0.10,dotcom,-0.18896114776960182,-1.0905556237392378,-0.4699032035720486,-0.40212781341600085,-0.22803498844018333,652
managed_v0.50_b0.07_r0.10,gfc,-0.2582579404891324,-0.9029628296179081,-0.45348679923757507,-0.5694938439736917,-0.25853961112832946,355
managed_v0.50_b0.07_r0.10,covid,-0.4757459415881412,-1.4020285334711224,-0.31295053144234064,-1.5201953465153155,-0.29171781643095074,50
managed_v0.50_b0.07_r0.10,2022_bear,-0.23361103736414246,-1.479089434962929,-0.2945757040795376,-0.7930424475912168,-0.19169616295325453,250
managed_v0.60_b0.07_r0.10,dotcom,-0.212839299743802,-1.0486356496318887,-0.517087677736688,-0.4116116258569679,-0.2685058075550433,652
managed_v0.60_b0.07_r0.10,gfc,-0.3022881068061185,-0.9623343005910696,-0.5032733769900501,-0.6006439454715977,-0.29772836115143675,355
managed_v0.60_b0.07_r0.10,covid,-0.511818502731391,-1.3698880969577556,-0.34239881176200593,-1.4948022164491184,-0.31802771219402237,50
managed_v0.60_b0.07_r0.10,2022_bear,-0.2644647061416665,-1.5124797660390485,-0.33925429907214055,-0.7795471033527848,-0.2167314506531839,250
