dataset,strategy,cagr,sharpe,max_drawdown,calmar,worst_21d,max_drawdown_days,annual_turnover,average_tqqq_weight
synthetic_3x_1999_now,baseline,0.2083403875953671,0.6433948410362395,-0.8905841465749846,0.23393678002983118,-0.5249751137429153,3429,6.883076252958275,0.7502808301149178
synthetic_3x_1999_now,managed_v0.30_b0.03_r0.10,0.164646994164797,0.7077084255736031,-0.4096051173339682,0.4019651786492536,-0.2400105415400623,1777,5.27036959709544,0.48288550462920565
synthetic_3x_1999_now,managed_v0.30_b0.03_r0.25,0.163809024896457,0.7024803654215914,-0.4198850659089107,0.3901282474571112,-0.24029824062984206,1778,5.507714892215099,0.48595423685398664
synthetic_3x_1999_now,managed_v0.30_b0.03_r1.00,0.16357479729692237,0.7014131796628387,-0.41846511713507795,0.39089231240299877,-0.24029824062984229,1778,5.533653869203098,0.4861051392784663
synthetic_3x_1999_now,managed_v0.30_b0.07_r0.10,0.16003804346826467,0.694948371391598,-0.4120210931345646,0.38842196706661525,-0.2443370500361043,1795,4.36628581125365,0.4781079852993428
synthetic_3x_1999_now,managed_v0.30_b0.07_r0.25,0.16255275356075916,0.6995193654016781,-0.41065709737202927,0.39583573400046873,-0.23492604965901676,1778,4.635428911574288,0.4830985782605661
synthetic_3x_1999_now,managed_v0.30_b0.07_r1.00,0.16155954450187693,0.6959013257549602,-0.4131104460644376,0.3910807534425712,-0.2349260496590161,1778,4.68204445809778,0.48343011678226405
synthetic_3x_1999_now,managed_v0.30_b0.12_r0.10,-0.0030508961810662427,-0.10879990004696358,-0.10032697141718439,-0.03040953133509693,-0.06588771517163228,6535,0.12043444946515378,0.0
synthetic_3x_1999_now,managed_v0.30_b0.12_r0.25,0.15808387630023746,0.6810678393356024,-0.4695993630429748,0.3366356276036316,-0.23348656613000096,1831,3.8561168349068167,0.48524163719139557
synthetic_3x_1999_now,managed_v0.30_b0.12_r1.00,0.15611290009227607,0.6738149256873395,-0.4718073436656792,0.3308827261554815,-0.23348656613000118,1832,3.97183110777097,0.4859039173360505
synthetic_3x_1999_now,managed_v0.40_b0.03_r0.10,0.19973558200824804,0.7188436581985937,-0.49733329414706795,0.4016131321969842,-0.2853858373053625,1789,5.37819230179179,0.5927931400597275
synthetic_3x_1999_now,managed_v0.40_b0.03_r0.25,0.1987628834047741,0.7144657398483135,-0.5162068299513858,0.38504504758972824,-0.2899201850326343,1790,5.782451298210634,0.5966841139201192
synthetic_3x_1999_now,managed_v0.40_b0.03_r1.00,0.1993818450478504,0.7156844230383346,-0.5138490573625945,0.3880163682136675,-0.2899201850326345,1790,5.84570924744975,0.5972826119868541
synthetic_3x_1999_now,managed_v0.40_b0.07_r0.10,0.1970168123727094,0.7165237481690369,-0.4997633161160363,0.3942202358985579,-0.2791905163263636,1778,4.462739789835728,0.5835351599304425
synthetic_3x_1999_now,managed_v0.40_b0.07_r0.25,0.1959452138506883,0.709410043385682,-0.5147881252240731,0.3806327384987731,-0.2968264714631428,1786,4.988161985127659,0.5913971913447285
synthetic_3x_1999_now,managed_v0.40_b0.07_r1.00,0.19562152175830572,0.7082610407851821,-0.5116729218959752,0.3823175184519071,-0.29682647146314267,1786,5.06115705571776,0.5921898561235553
synthetic_3x_1999_now,managed_v0.40_b0.12_r0.10,-0.0030508961810662427,-0.10879990004696358,-0.10032697141718439,-0.03040953133509693,-0.06588771517163228,6535,0.12043444946515378,0.0
synthetic_3x_1999_now,managed_v0.40_b0.12_r0.25,0.19936126281396138,0.7185543721435595,-0.45977365670241344,0.4336074064004,-0.28457022738029714,1777,4.240063933620565,0.5884772294236763
synthetic_3x_1999_now,managed_v0.40_b0.12_r1.00,0.20033961047078597,0.7226301817371668,-0.45672629790324915,0.43864259927775173,-0.28457022738029714,1706,4.239914964563466,0.5843712731218499
synthetic_3x_1999_now,managed_v0.50_b0.03_r0.10,0.22445718954788973,0.7322549996241746,-0.5629676368127585,0.39870353972504385,-0.29574506359744646,1777,5.117335380410554,0.6569018409157432
synthetic_3x_1999_now,managed_v0.50_b0.03_r0.25,0.22455756273822414,0.7295985953815414,-0.5938216974732249,0.3781565471483118,-0.30444429569402087,1801,5.652500366825249,0.6643767364371562
synthetic_3x_1999_now,managed_v0.50_b0.03_r1.00,0.2240074702915993,0.7281120942591862,-0.593249024283287,0.37759433412001997,-0.30444429569402054,1796,5.769304412213963,0.6649321782461426
synthetic_3x_1999_now,managed_v0.50_b0.07_r0.10,0.2239693386006849,0.7353170701938053,-0.5769324755020582,0.388207196008133,-0.2976935120448554,1777,4.407564804109729,0.6476406021243789
synthetic_3x_1999_now,managed_v0.50_b0.07_r0.25,0.21929487086613753,0.7203058282193603,-0.6079260915454803,0.3607262032604034,-0.304121643507378,1813,5.0424009190553,0.6580785248473054
synthetic_3x_1999_now,managed_v0.50_b0.07_r1.00,0.2185870625317936,0.7182788747429779,-0.6077856519305269,0.3596449864150121,-0.3046364936458047,1808,5.1565355432076005,0.6595670961761883
synthetic_3x_1999_now,managed_v0.50_b0.12_r0.10,-0.0030508961810662427,-0.10879990004696358,-0.10032697141718439,-0.03040953133509693,-0.06588771517163228,6535,0.12043444946515378,0.0
synthetic_3x_1999_now,managed_v0.50_b0.12_r0.25,0.21897380863371718,0.7230397147206797,-0.575196323269965,0.38069403397584506,-0.31223875394151224,1777,4.305135004517006,0.6500642992687353
synthetic_3x_1999_now,managed_v0.50_b0.12_r1.00,0.2171774669717963,0.721570985099394,-0.5807106034979912,0.3739857093423085,-0.31556434545666523,1777,4.4949557302355565,0.6437534841468779
synthetic_3x_1999_now,managed_v0.60_b0.03_r0.10,0.23656349558142198,0.7348178494118471,-0.6282099386446818,0.37656757881257164,-0.3144798329535132,1807,4.994935056314054,0.6911015299869089
synthetic_3x_1999_now,managed_v0.60_b0.03_r0.25,0.23717784382223206,0.7333480680797251,-0.6586256682049492,0.36011023449579216,-0.3232696262605327,1838,5.642225389334156,0.6985573987524195
synthetic_3x_1999_now,managed_v0.60_b0.03_r1.00,0.2362502205076089,0.7306664008937939,-0.6617858726928249,0.356988914777374,-0.3240829467967441,1838,5.817989251551486,0.7005634686467599
synthetic_3x_1999_now,managed_v0.60_b0.07_r0.10,0.2364455943244521,0.7393474090947026,-0.6298184633458752,0.37541864534797564,-0.31802771219402237,1795,4.4036395176900855,0.6791811888617342
synthetic_3x_1999_now,managed_v0.60_b0.07_r0.25,0.23443460094385205,0.72996044753811,-0.6674396447361288,0.3512446448046031,-0.32058964982476645,1827,5.06690924293056,0.6936815960841277
synthetic_3x_1999_now,managed_v0.60_b0.07_r1.00,0.23281477725337862,0.725796420466148,-0.6722900306935211,0.3463011001564481,-0.32568669614873824,1831,5.265109138433153,0.6960675414841557
synthetic_3x_1999_now,managed_v0.60_b0.12_r0.10,-0.0030508961810662427,-0.10879990004696358,-0.10032697141718439,-0.03040953133509693,-0.06588771517163228,6535,0.12043444946515378,0.0
synthetic_3x_1999_now,managed_v0.60_b0.12_r0.25,0.23712313860792822,0.7413865593806697,-0.6521464980669484,0.36360409710209857,-0.3297137733953699,1803,4.4286769093603064,0.6770608952897339
synthetic_3x_1999_now,managed_v0.60_b0.12_r1.00,0.23018726106812482,0.7264072134858897,-0.6654434755657292,0.34591557287781693,-0.32971377339537,1824,4.796236102899229,0.6792734732138518
synthetic_walk_forward,adaptive_selected,0.2661910290369256,0.8217483127193171,-0.44177702838648214,0.6025461079521145,-0.29769351204485506,596,,
real_etf_2010_now,baseline,0.3646984422542403,0.9280370955790069,-0.48729799845447885,0.7484094812843948,-0.37117017503297456,400,6.001256144184765,0.8513031180309458
real_etf_2010_now,managed_v0.30_b0.03_r0.10,0.2506905814861009,0.9299388575576063,-0.35863523463769753,0.6990126938847906,-0.23885109164131646,399,5.716809835895385,0.5809411051939708
real_etf_2010_now,managed_v0.30_b0.03_r0.25,0.25246459474462735,0.9305825723144978,-0.36176363661470035,0.6978716741879645,-0.2391111372983743,397,5.960225827897572,0.58455513109579
real_etf_2010_now,managed_v0.30_b0.03_r1.00,0.25238430544019996,0.9298502034530709,-0.36581171934629575,0.6899295241038472,-0.23911113729837408,399,5.9748632024478425,0.5846924262517988
real_etf_2010_now,managed_v0.30_b0.07_r0.10,0.24570890506066223,0.9193108597141985,-0.36216505770845464,0.6784445374585518,-0.24306171510824726,397,4.795465527506372,0.575216256043495
real_etf_2010_now,managed_v0.30_b0.07_r0.25,0.25203609120424186,0.9317155658432701,-0.35782700573883064,0.7043517877691908,-0.2336175229372771,397,5.020974551401415,0.5812905748382652
real_etf_2010_now,managed_v0.30_b0.07_r1.00,0.2507986065563821,0.9275082855219272,-0.36912877923676435,0.679433901293067,-0.23361752293727678,399,5.056445570157268,0.5816533841711242
real_etf_2010_now,managed_v0.30_b0.12_r0.10,-0.002860172771753544,-0.08266231515811262,-0.0917026306225256,-0.0311896480214056,-0.06549200892240359,1009,0.1753794033138075,0.0
real_etf_2010_now,managed_v0.30_b0.12_r0.25,0.247805069484905,0.9185509224820811,-0.3874903106765111,0.6395129443424467,-0.23223182851885937,507,4.342440235174761,0.5783016431623187
real_etf_2010_now,managed_v0.30_b0.12_r1.00,0.2462750760876844,0.9128360144457214,-0.38328806232876234,0.6425326022192778,-0.23223182851885948,499,4.457279717667664,0.5790642181058439
real_etf_2010_now,managed_v0.40_b0.03_r0.10,0.3017884652858662,0.9328283988863595,-0.4388397025818608,0.6876963581698055,-0.2840808495303526,426,5.553956585947238,0.7031469129516406
real_etf_2010_now,managed_v0.40_b0.03_r0.25,0.305862326866408,0.9389032016181255,-0.43788995923268725,0.6984912999657934,-0.28859738996965056,416,5.902398974130556,0.7068524136408565
real_etf_2010_now,managed_v0.40_b0.03_r1.00,0.3081746299795647,0.943573706395965,-0.43329760269431983,0.7112308677991321,-0.2885973899696509,406,5.93828282278408,0.707439976784046
real_etf_2010_now,managed_v0.40_b0.07_r0.10,0.29639934634831566,0.9288172085656512,-0.42767425287106065,0.6930493111486816,-0.2777122068912182,416,4.604264844242891,0.6909667978403073
real_etf_2010_now,managed_v0.40_b0.07_r0.25,0.30074202929515015,0.9317949133807429,-0.43318692313099905,0.6942546352079133,-0.2952495173933827,416,5.059450642262405,0.6992466715106038
real_etf_2010_now,managed_v0.40_b0.07_r1.00,0.3018157792875482,0.9337187003032182,-0.42705990073168965,0.7067293809848259,-0.29524951739338257,406,5.109957744122076,0.7001289913348991
real_etf_2010_now,managed_v0.40_b0.12_r0.10,-0.002860172771753544,-0.08266231515811262,-0.0917026306225256,-0.0311896480214056,-0.06549200892240359,1009,0.1753794033138075,0.0
real_etf_2010_now,managed_v0.40_b0.12_r0.25,0.30277795293257603,0.9347710086735738,-0.4301454971846117,0.703896599904726,-0.28298298403454847,406,4.402399328894681,0.699884765492992
real_etf_2010_now,managed_v0.40_b0.12_r1.00,0.3019388842707398,0.9349617658329424,-0.41592093798099217,0.7259525950687737,-0.2829829840345486,400,4.445964378223436,0.6954170318271152
real_etf_2010_now,managed_v0.50_b0.03_r0.10,0.3353511046714921,0.9405432906937902,-0.4661697170270571,0.7193755673580742,-0.29624117824816154,427,5.062670091889557,0.7717124868287646
real_etf_2010_now,managed_v0.50_b0.03_r0.25,0.34531385881982324,0.9548724682664868,-0.46471964773812957,0.7430584450227684,-0.3031277937366623,406,5.524390760732968,0.7797545072377693
real_etf_2010_now,managed_v0.50_b0.03_r1.00,0.3467550101338872,0.9575218453584049,-0.4544843107592843,0.7629636533648013,-0.30313192033345515,400,5.602729833937563,0.779824494049131
real_etf_2010_now,managed_v0.50_b0.07_r0.10,0.33184510543180745,0.9397666960051134,-0.46438568771015043,0.7145894333395798,-0.3020389689974651,427,4.3446925392393325,0.7626908254099348
real_etf_2010_now,managed_v0.50_b0.07_r0.25,0.3364452135760825,0.9418977216092405,-0.4633743850942472,0.7260764176847018,-0.30554730103787375,406,4.903568275442058,0.7718234103946098
real_etf_2010_now,managed_v0.50_b0.07_r1.00,0.33673473924314123,0.9419158073029361,-0.45464846933641756,0.7406485712678691,-0.3088729429407717,400,4.963749143850747,0.7732187949297156
real_etf_2010_now,managed_v0.50_b0.12_r0.10,-0.002860172771753544,-0.08266231515811262,-0.0917026306225256,-0.0311896480214056,-0.06549200892240359,1009,0.1753794033138075,0.0
real_etf_2010_now,managed_v0.50_b0.12_r0.25,0.3367763531147401,0.9483331003848909,-0.4544138992878922,0.7411224736798305,-0.31627112779326527,400,4.23056108085669,0.7617817919504682
real_etf_2010_now,managed_v0.50_b0.12_r1.00,0.33214836016525173,0.9473069969335944,-0.4460898063460357,0.7445773372090941,-0.31954541471162623,399,4.267797801568142,0.7485476312094453
real_etf_2010_now,managed_v0.60_b0.03_r0.10,0.3539185399205005,0.9466902956097693,-0.47792483828828236,0.7405317982385721,-0.31436178423485817,414,4.70602405759872,0.8052926506659847
real_etf_2010_now,managed_v0.60_b0.03_r0.25,0.3672020514218213,0.9659899684760161,-0.4741714720192395,0.7744077260871612,-0.3218562272191424,406,5.22065388898852,0.812587710567904
real_etf_2010_now,managed_v0.60_b0.03_r1.00,0.3699604086246526,0.9696512883314179,-0.4628991947705271,0.7992245672582191,-0.3228768512817317,399,5.344678652717472,0.8145731155567703
real_etf_2010_now,managed_v0.60_b0.07_r0.10,0.35194899358370924,0.9491828678753997,-0.4757832274043513,0.7397255163948859,-0.3190971774623529,443,4.21064985474686,0.7938770599609093
real_etf_2010_now,managed_v0.60_b0.07_r0.25,0.3638165726069198,0.9641070854697147,-0.4743060716529024,0.7670502115628852,-0.32505842629378745,406,4.700228100105257,0.8059886637421423
real_etf_2010_now,managed_v0.60_b0.07_r1.00,0.36629067455248543,0.9672201163140421,-0.46603353758449617,0.7859749245751945,-0.33007323320699333,400,4.826398548457726,0.8082889251711766
real_etf_2010_now,managed_v0.60_b0.12_r0.10,-0.002860172771753544,-0.08266231515811262,-0.0917026306225256,-0.0311896480214056,-0.06549200892240359,1009,0.1753794033138075,0.0
real_etf_2010_now,managed_v0.60_b0.12_r0.25,0.35568236013925447,0.9595253769897517,-0.468486138227278,0.7592164017597918,-0.32939794075003404,426,4.101543428615057,0.7851945808559393
real_etf_2010_now,managed_v0.60_b0.12_r1.00,0.3531824909131651,0.9545865166995154,-0.45945573723345534,0.7686975312133464,-0.32939794075003415,406,4.3486990680792506,0.7862728061283776
