trade_date,open,high,low,close,volume
2024-04-22,315.25,323.25,306.25,311.75,6286748
2024-04-23,307.5,308.5,295.25,297.75,5566380
2024-04-24,291.75,300.0,288.25,295.25,5929000
2024-04-25,310.75,313.0,298.0,300.0,6699312
2024-04-26,293.25,294.75,282.75,285.75,5491560
2024-04-29,282.0,288.25,280.75,282.75,3907340
2024-04-30,286.25,299.0,283.25,298.75,5173264
2024-05-01,302.0,307.5,287.25,305.5,8435264
2024-05-02,297.75,308.0,292.25,294.5,5650068
2024-05-03,279.0,282.25,274.75,277.0,6184152
2024-05-06,273.5,275.0,267.5,267.5,3788384
2024-05-07,267.25,269.25,264.75,268.0,4122372
2024-05-08,272.75,273.0,265.75,268.5,4028448
2024-05-09,268.5,271.75,266.0,267.0,3888184
2024-05-10,264.5,268.25,261.25,265.25,3994584
2024-05-13,262.0,266.25,261.75,263.75,2760444
2024-05-14,264.5,265.0,257.75,258.5,5089216
2024-05-15,254.5,257.25,246.25,246.75,6223648
2024-05-16,247.5,249.0,244.25,248.5,4111464
2024-05-17,248.75,253.0,247.5,249.25,3520760
2024-05-20,249.0,249.25,243.0,244.0,3815760
2024-05-21,247.25,247.75,242.5,242.75,2383348
2024-05-22,242.5,247.25,241.25,243.25,3533856
2024-05-23,236.0,249.75,235.75,247.0,6326832
2024-05-24,244.5,245.75,238.0,240.0,4488848
2024-05-28,238.25,242.25,237.25,237.25,3868600
2024-05-29,244.25,244.25,239.75,242.25,4166120
2024-05-30,244.0,252.75,244.0,250.5,4520708
2024-05-31,250.5,265.25,249.25,250.5,6475404
2024-06-03,246.0,257.25,244.5,248.25,5362144
2024-06-04,249.0,252.0,244.5,246.5,5024584
2024-06-05,240.75,242.75,231.5,231.5,6097072
2024-06-06,231.0,234.0,230.25,232.25,3899340
2024-06-07,233.0,234.75,229.0,233.0,4813924
2024-06-10,235.0,235.5,229.75,230.5,3743656
2024-06-11,232.5,234.75,225.5,225.75,3991824
2024-06-12,220.25,221.25,213.5,217.0,7361124
2024-06-13,212.25,216.75,211.25,213.5,4718972
2024-06-14,214.25,215.0,210.5,210.75,4498792
2024-06-17,210.5,212.25,200.5,203.25,5655244
2024-06-18,203.25,205.25,202.25,203.0,3353420
2024-06-20,201.75,210.25,201.0,208.0,6679220
2024-06-21,208.5,211.75,206.75,210.0,5039988
2024-06-24,211.75,217.25,209.25,217.25,5401480
2024-06-25,214.5,215.75,209.25,209.75,4593312
2024-06-26,207.0,207.5,204.0,204.5,4388628
2024-06-27,205.0,206.25,201.25,203.25,4518920
2024-06-28,202.5,207.5,196.5,207.0,6229376
2024-07-01,205.75,210.5,202.25,203.0,5603052
2024-07-02,205.25,205.25,196.75,197.0,4583768
2024-07-03,198.0,198.0,192.0,192.25,3112272
2024-07-05,191.5,192.0,186.0,186.25,4724408
2024-07-08,186.0,187.25,184.5,185.0,3199376
2024-07-09,183.75,186.75,182.25,184.75,3865592
2024-07-10,183.0,184.25,178.5,179.25,4338136
2024-07-11,179.25,192.5,178.75,190.75,7329392
2024-07-12,190.75,191.25,182.25,187.75,5974888
2024-07-15,186.25,189.0,181.0,186.5,6205448
2024-07-16,185.0,190.0,184.0,186.5,5207884
2024-07-17,195.75,203.0,195.0,202.75,7021176
2024-07-18,198.5,210.0,198.0,205.75,8367456
2024-07-19,206.75,213.5,203.25,211.5,7530860
2024-07-22,204.0,208.5,201.0,202.25,7346144
2024-07-23,203.5,205.25,199.75,204.5,5137612
2024-07-24,213.5,228.0,213.0,226.5,8158012
2024-07-25,226.25,238.25,220.0,234.25,9951096
2024-07-26,228.0,232.5,223.0,227.5,7059576
2024-07-29,223.5,229.75,220.25,226.25,6081312
2024-07-30,223.5,240.75,222.5,235.75,8119168
2024-07-31,220.0,222.25,212.25,214.75,9773996
2024-08-01,214.0,235.75,208.75,230.5,11691856
2024-08-02,244.25,254.0,240.25,247.25,11471684
2024-08-05,287.5,289.75,258.25,269.75,15314836
2024-08-06,266.5,271.5,248.25,262.25,10877348
2024-08-07,249.75,271.5,245.5,270.75,10324380
2024-08-08,259.25,266.75,244.5,246.0,8952152
2024-08-09,248.75,250.75,240.0,242.5,6623968
2024-08-12,241.25,245.75,225.0,241.25,5128696
2024-08-13,234.25,234.5,223.0,223.5,6375460
2024-08-14,222.25,229.75,219.75,223.25,6356972
2024-08-15,214.75,215.25,206.0,206.5,6445940
2024-08-16,209.0,210.5,204.25,205.75,4833428
2024-08-19,206.0,208.5,198.0,198.25,5167436
2024-08-20,199.25,201.5,196.0,199.75,5628868
2024-08-21,198.5,200.75,194.25,196.5,5185076
2024-08-22,194.0,207.5,193.25,206.0,7801676
2024-08-23,201.0,206.0,196.0,199.5,7452056
2024-08-26,200.5,208.25,199.25,205.75,5300188
2024-08-27,208.0,210.5,202.5,203.75,4513636
2024-08-28,204.75,215.5,203.75,211.0,6256956
2024-08-29,208.75,213.75,202.25,211.75,7909652
2024-08-30,206.75,212.75,204.0,205.0,6081716
2024-09-03,209.0,226.75,208.75,223.75,6674312
2024-09-04,228.25,229.75,219.75,225.25,8113300
2024-09-05,228.0,229.5,218.5,225.0,7247848
2024-09-06,226.5,244.25,225.0,243.0,9432920
2024-09-09,236.25,241.75,232.5,234.0,6760180
2024-09-10,231.5,237.75,227.0,228.0,6410852
2024-09-11,226.0,239.0,212.0,213.25,10655912
2024-09-12,213.25,215.75,205.75,207.0,7212616
2024-09-13,208.0,208.5,202.75,204.25,5131296
2024-09-16,207.25,211.75,206.5,207.5,4696512
2024-09-17,203.25,210.5,201.75,207.0,5454516
2024-09-18,205.75,210.75,200.25,210.0,8029252
2024-09-19,195.25,198.0,190.25,194.0,8902316
2024-09-20,195.5,200.5,194.0,195.75,5948552
2024-09-23,194.25,195.75,192.75,194.25,4117700
2024-09-24,192.5,197.5,190.0,191.25,5435220
2024-09-25,188.5,188.75,185.0,186.75,4966140
2024-09-26,178.5,187.25,178.0,183.0,6425780
2024-09-27,182.25,187.75,182.0,186.25,5348304
2024-09-30,187.5,191.0,184.5,184.75,6270580
2024-10-01,185.5,197.25,185.0,193.0,8646944
2024-10-02,194.0,197.0,189.5,191.75,6120124
2024-10-03,194.75,195.75,189.0,192.75,6043440
2024-10-04,186.0,192.0,185.25,185.75,7359188
2024-10-07,188.25,193.5,186.75,192.0,4889672
2024-10-08,189.25,190.0,182.5,183.5,5556376
2024-10-09,183.75,185.0,178.5,179.25,5377868
2024-10-10,181.75,183.25,177.75,180.0,5315084
2024-10-11,182.25,183.0,178.25,179.25,4075100
2024-10-14,177.0,177.25,173.25,174.75,4557220
2024-10-15,174.75,184.25,174.0,182.0,7321924
2024-10-16,181.75,185.75,181.0,181.75,4384900
2024-10-17,176.0,181.75,175.75,181.5,5221472
2024-10-18,179.0,179.75,177.25,178.25,4231272
2024-10-21,179.75,182.0,176.5,177.5,5346832
2024-10-22,180.5,181.25,175.25,176.75,4969380
2024-10-23,179.5,188.75,178.75,185.25,7554816
2024-10-24,181.0,184.0,180.0,181.0,5352760
2024-10-25,178.0,178.75,172.25,177.75,9008968
2024-10-28,174.5,178.0,174.25,177.75,5482468
2024-10-29,177.5,179.5,171.25,173.0,6662068
2024-10-30,173.5,177.25,172.5,176.5,6501968
2024-10-31,181.25,190.25,181.0,190.0,8501396
2024-11-01,188.5,189.0,182.25,186.0,8646200
2024-11-04,187.0,190.0,184.0,188.0,6692164
2024-11-05,186.25,186.25,180.0,180.75,6430704
2024-11-06,171.75,173.0,165.25,166.25,8845932
2024-11-07,163.4499969482422,163.5,157.60000610351562,158.4499969482422,8425860
2024-11-08,159.1999969482422,159.75,157.4499969482422,158.14999389648438,7559100
2024-11-11,157.0500030517578,161.14999389648438,156.85000610351562,158.4499969482422,8666060
2024-11-12,158.60000610351562,162.25,157.75,159.3000030517578,7396920
2024-11-13,159.89999389648438,162.1999969482422,157.5,160.0500030517578,9273940
2024-11-14,160.5,164.35000610351562,159.60000610351562,163.39999389648438,8360580
2024-11-15,169.10000610351562,177.39999389648438,168.89999389648438,175.4499969482422,10371340
2024-11-18,173.8000030517578,175.3000030517578,169.5500030517578,171.8000030517578,6648440
2024-11-19,174.60000610351562,174.9499969482422,167.8000030517578,168.4499969482422,8651960
2024-11-20,168.75,175.35000610351562,168.4499969482422,168.60000610351562,10737820
2024-11-21,165.6999969482422,174.4499969482422,165.0,166.9499969482422,12374960
2024-11-22,167.75,169.39999389648438,165.6999969482422,166.39999389648438,6527800
2024-11-25,162.35000610351562,168.0,160.85000610351562,165.75,6506840
2024-11-26,164.3000030517578,165.14999389648438,162.3000030517578,163.10000610351562,4983380
2024-11-27,164.3000030517578,170.35000610351562,164.3000030517578,167.0500030517578,5682100
2024-11-29,166.6999969482422,167.35000610351562,162.3000030517578,162.89999389648438,3421780
2024-12-02,161.8000030517578,162.14999389648438,156.75,157.64999389648438,6202120
2024-12-03,158.9499969482422,159.5,156.0500030517578,156.25,4946540
2024-12-04,153.25,153.89999389648438,150.39999389648438,150.5500030517578,7749340
2024-12-05,150.60000610351562,152.1999969482422,149.9499969482422,151.89999389648438,6549420
2024-12-06,151.5,151.64999389648438,147.8000030517578,147.9499969482422,7673900
2024-12-09,148.85000610351562,152.5,148.1999969482422,151.5500030517578,6830660
2024-12-10,150.5500030517578,154.39999389648438,149.0,153.1999969482422,6085380
2024-12-11,149.39999389648438,149.6999969482422,144.39999389648438,144.9499969482422,9712160
2024-12-12,146.89999389648438,148.25,145.85000610351562,147.85000610351562,7339740
2024-12-13,144.75,147.39999389648438,142.4499969482422,144.64999389648438,8046100
2024-12-16,142.64999389648438,142.6999969482422,137.6999969482422,138.5,8711540
2024-12-17,139.89999389648438,141.64999389648438,139.0500030517578,140.35000610351562,7085380
2024-12-18,140.9499969482422,156.8000030517578,139.5500030517578,155.5,16992140
2024-12-19,151.39999389648438,158.0500030517578,150.89999389648438,157.75,14122260
2024-12-20,161.4499969482422,162.5,148.1999969482422,153.75,16181980
2024-12-23,148.35000610351562,151.3000030517578,145.10000610351562,145.39999389648438,7316360
2024-12-24,144.0,144.5,139.64999389648438,139.64999389648438,4584520
2024-12-26,141.0,142.60000610351562,138.6999969482422,140.0500030517578,5621180
2024-12-27,143.0500030517578,149.5500030517578,142.6999969482422,145.75,10221440
2024-12-30,151.75,154.85000610351562,148.5,151.6999969482422,9885860
2024-12-31,150.6999969482422,156.5,150.0,155.6999969482422,9700940
2025-01-02,152.89999389648438,160.8000030517578,150.75,156.6999969482422,12196260
2025-01-03,154.0,154.75,148.1999969482422,149.1999969482422,9790320
2025-01-06,144.5,146.25,141.14999389648438,144.0500030517578,9559100
2025-01-07,143.3000030517578,153.4499969482422,143.0,151.85000610351562,12434400
2025-01-08,152.0,156.0500030517578,150.39999389648438,151.75,12668320
2025-01-10,155.39999389648438,162.10000610351562,155.35000610351562,159.14999389648438,14137620
2025-01-13,164.89999389648438,166.39999389648438,160.39999389648438,160.75,9685600
2025-01-14,157.8000030517578,164.64999389648438,156.5500030517578,161.3000030517578,10532540
2025-01-15,153.8000030517578,155.3000030517578,149.1999969482422,150.39999389648438,13107900
2025-01-16,148.35000610351562,153.5500030517578,148.3000030517578,153.4499969482422,9035220
2025-01-17,144.9499969482422,148.5500030517578,144.4499969482422,145.9499969482422,11154500
2025-01-21,143.8000030517578,147.5,142.5,143.5,8584980
2025-01-22,139.75,139.9499969482422,136.14999389648438,138.0500030517578,9526980
2025-01-23,140.0500030517578,140.5,137.14999389648438,137.1999969482422,6938440
2025-01-24,137.14999389648438,140.89999389648438,136.5,139.64999389648438,6684980
2025-01-27,154.60000610351562,155.1999969482422,148.9499969482422,152.0,16994760
2025-01-28,151.10000610351562,154.1999969482422,144.1999969482422,145.1999969482422,10805520
2025-01-29,144.75,149.39999389648438,144.64999389648438,146.14999389648438,11526220
2025-01-30,143.75,148.39999389648438,141.8000030517578,144.25,9590200
2025-01-31,141.3000030517578,146.0500030517578,137.5500030517578,145.14999389648438,14643120
2025-02-03,152.5,154.60000610351562,146.39999389648438,148.60000610351562,17833660
2025-02-04,148.35000610351562,148.6999969482422,142.75,143.25,9443660
2025-02-05,145.5,146.5,141.3000030517578,141.4499969482422,7320820
2025-02-06,141.0500030517578,142.35000610351562,139.0500030517578,139.1999969482422,7532540
2025-02-07,139.0,145.3000030517578,137.4499969482422,144.64999389648438,12007940
2025-02-10,141.14999389648438,141.5500030517578,138.60000610351562,139.5500030517578,8818200
2025-02-11,142.14999389648438,142.25,139.0,140.5,8298760
2025-02-12,145.14999389648438,145.4499969482422,139.64999389648438,140.3000030517578,12786500
2025-02-13,139.10000610351562,139.6999969482422,134.14999389648438,134.35000610351562,12631720
2025-02-14,134.4499969482422,134.8000030517578,132.39999389648438,132.9499969482422,8149820
2025-02-18,131.8000030517578,134.5500030517578,131.5500030517578,132.0500030517578,6892020
2025-02-19,132.6999969482422,134.25,131.0500030517578,132.0,7446780
2025-02-20,132.75,137.25,132.39999389648438,133.8000030517578,10758900
2025-02-21,133.14999389648438,142.5500030517578,133.10000610351562,142.1999969482422,14456060
2025-02-24,140.85000610351562,147.64999389648438,139.89999389648438,147.35000610351562,14006360
2025-02-25,148.0,156.35000610351562,147.9499969482422,152.9499969482422,14833580
2025-02-26,151.10000610351562,154.8000030517578,147.35000610351562,151.9499969482422,17710080
2025-02-27,148.89999389648438,164.89999389648438,148.0,164.60000610351562,20492780
2025-02-28,165.14999389648438,168.3000030517578,156.5,157.0,19880060
2025-03-03,154.10000610351562,170.6999969482422,152.64999389648438,167.14999389648438,22767900
2025-03-04,170.4499969482422,176.9499969482422,160.8000030517578,169.0500030517578,24871640
2025-03-05,168.5500030517578,173.5500030517578,160.85000610351562,162.5500030517578,19655320
2025-03-06,170.64999389648438,177.9499969482422,165.89999389648438,175.85000610351562,19368860
2025-03-07,177.39999389648438,184.5,170.8000030517578,172.35000610351562,20646440
2025-03-10,181.1999969482422,196.8000030517578,180.64999389648438,191.85000610351562,17911020
2025-03-11,193.1999969482422,199.60000610351562,185.25,194.0,21106840
2025-03-12,184.8000030517578,193.85000610351562,182.4499969482422,187.4499969482422,20691540
2025-03-13,188.4499969482422,200.0,188.35000610351562,197.6999969482422,16604760
2025-03-14,191.14999389648438,191.89999389648438,182.5500030517578,183.64999389648438,18403500
2025-03-17,183.6999969482422,185.8000030517578,176.60000610351562,180.10000610351562,15124840
2025-03-18,183.89999389648438,191.8000030517578,183.89999389648438,189.1999969482422,13736700
2025-03-19,186.8000030517578,189.14999389648438,176.5500030517578,182.0,16553380
2025-03-20,186.60000610351562,187.35000610351562,177.85000610351562,183.75,14904100
2025-03-21,190.0500030517578,191.39999389648438,181.39999389648438,182.0,13698320
2025-03-24,173.75,174.5,169.4499969482422,170.64999389648438,13410540
2025-03-25,169.75,170.6999969482422,167.39999389648438,167.60000610351562,9796880
2025-03-26,166.35000610351562,175.89999389648438,165.5,174.3000030517578,16307280
2025-03-27,176.5,178.89999389648438,172.0,177.35000610351562,15522100
2025-03-28,179.64999389648438,192.64999389648438,178.85000610351562,191.5,17357760
2025-03-31,200.3000030517578,206.0,190.60000610351562,191.6999969482422,20047460
2025-04-01,193.85000610351562,197.39999389648438,186.10000610351562,187.1999969482422,21250840
2025-04-02,195.10000610351562,195.4499969482422,179.14999389648438,183.0,25597740
2025-04-03,206.0,213.1999969482422,201.8000030517578,212.64999389648438,26980160
2025-04-04,230.8000030517578,251.9499969482422,227.5,251.8000030517578,45621840
2025-04-07,278.29998779296875,289.0,216.10000610351562,250.85000610351562,45279700
2025-04-08,225.5,275.79998779296875,216.8000030517578,264.8500061035156,42987740
2025-04-09,265.79998779296875,266.1499938964844,165.85000610351562,171.39999389648438,54654860
2025-04-10,183.0,205.89999389648438,180.8000030517578,191.0500030517578,47232500
2025-04-11,193.25,197.60000610351562,179.10000610351562,181.10000610351562,29853540
2025-04-14,168.89999389648438,183.0,168.3000030517578,177.25,22798880
2025-04-15,176.10000610351562,178.85000610351562,171.60000610351562,176.6999969482422,17659220
2025-04-16,187.1999969482422,200.1999969482422,183.0,192.6999969482422,21602400
2025-04-17,189.39999389648438,196.8000030517578,188.5,193.1999969482422,20267260
2025-04-21,201.0500030517578,214.39999389648438,199.85000610351562,207.4499969482422,14677340
2025-04-22,199.5,201.3000030517578,187.0,191.39999389648438,21852880
2025-04-23,173.85000610351562,180.64999389648438,167.14999389648438,178.8000030517578,27405040
2025-04-24,176.25,177.0,163.14999389648438,163.60000610351562,24455900
2025-04-25,164.10000610351562,165.8000030517578,157.6999969482422,158.25,21898940
2025-04-28,157.9499969482422,164.89999389648438,156.0500030517578,158.4499969482422,20488100
2025-04-29,160.8000030517578,161.39999389648438,154.5,155.39999389648438,18400320
2025-04-30,163.6999969482422,168.3000030517578,153.85000610351562,155.3000030517578,27368860
2025-05-01,147.9499969482422,150.4499969482422,144.14999389648438,150.0500030517578,27094140
2025-05-02,145.1999969482422,146.8000030517578,141.14999389648438,143.0500030517578,21943440
2025-05-05,146.75,147.25,142.9499969482422,145.6999969482422,15240580
2025-05-06,151.5,152.6999969482422,146.5,149.64999389648438,19211460
2025-05-07,149.1999969482422,154.14999389648438,145.75,148.0,23742840
2025-05-08,143.35000610351562,147.35000610351562,139.5500030517578,143.60000610351562,22583860
2025-05-09,142.10000610351562,145.64999389648438,140.89999389648438,144.0,15255340
2025-05-12,127.25,132.14999389648438,126.5,126.5999984741211,27343220
2025-05-13,125.5999984741211,126.1500015258789,119.44999694824219,120.80000305175781,23985740
2025-05-14,120.0,120.69999694824219,118.30000305175781,118.69999694824219,19373120
2025-05-15,120.19999694824219,121.1500015258789,116.5,118.25,22766680
2025-05-16,117.5,120.0,116.8499984741211,116.9000015258789,16879200
2025-05-19,121.8499984741211,121.94999694824219,116.30000305175781,116.69999694824219,24765780
2025-05-20,118.44999694824219,120.3499984741211,117.44999694824219,117.94999694824219,16974640
2025-05-21,120.6500015258789,124.0999984741211,116.0999984741211,122.80000305175781,30509600
2025-05-22,122.5,123.44999694824219,119.55000305175781,122.19999694824219,28093940
2025-05-23,128.0500030517578,128.4499969482422,124.0,125.80000305175781,33243940
2025-05-27,120.75,121.94999694824219,116.6500015258789,117.0,22006040
2025-05-28,116.3499984741211,118.94999694824219,115.4000015258789,118.5999984741211,16484940
2025-05-29,113.55000305175781,119.75,113.44999694824219,117.9000015258789,22330460
2025-05-30,118.44999694824219,123.5999984741211,117.5999984741211,118.6500015258789,25959760
2025-06-02,120.0,120.9000015258789,115.75,115.9000015258789,18383780
2025-06-03,115.75,116.3499984741211,112.30000305175781,113.19999694824219,16610880
2025-06-04,112.9000015258789,114.19999694824219,111.69999694824219,112.4000015258789,14752500
2025-06-05,111.5,116.30000305175781,109.69999694824219,114.94999694824219,28965460
2025-06-06,111.69999694824219,112.9000015258789,110.5,111.75,18940740
2025-06-09,111.6500015258789,112.3499984741211,110.25,111.3499984741211,14402980
2025-06-10,111.0999984741211,112.5,108.69999694824219,109.05000305175781,15235820
2025-06-11,108.3499984741211,111.69999694824219,107.5999984741211,110.30000305175781,21144160
2025-06-12,111.19999694824219,111.3499984741211,108.94999694824219,109.5999984741211,17800180
2025-06-13,113.44999694824219,114.5999984741211,110.8499984741211,113.80000305175781,30116300
2025-06-16,111.5999984741211,111.6500015258789,108.44999694824219,109.0999984741211,18301660
2025-06-17,110.75,113.0999984741211,109.75,112.3499984741211,17891240
2025-06-18,111.9000015258789,113.55000305175781,110.30000305175781,112.5,19887920
2025-06-20,110.5999984741211,115.30000305175781,109.80000305175781,114.1500015258789,19692980
2025-06-23,113.80000305175781,115.80000305175781,110.30000305175781,110.5999984741211,25653380
2025-06-24,107.4000015258789,107.80000305175781,105.0,105.55000305175781,16451180
2025-06-25,103.0,104.5999984741211,102.30000305175781,103.5,13692440
2025-06-26,102.30000305175781,103.4000015258789,100.44999694824219,100.69999694824219,13589540
2025-06-27,100.30000305175781,101.75,98.75,99.69999694824219,18066800
2025-06-30,98.0999984741211,99.30000305175781,97.25,97.8499984741211,11948680
2025-07-01,98.94999694824219,101.6500015258789,98.4000015258789,100.3499984741211,17809940
2025-07-02,100.8499984741211,100.94999694824219,98.25,98.30000305175781,15493180
2025-07-03,97.25,97.25,95.0999984741211,95.6500015258789,12419720
2025-07-07,97.05000305175781,99.05000305175781,96.6500015258789,97.80000305175781,17744180
2025-07-08,97.1500015258789,98.3499984741211,96.80000305175781,97.6500015258789,14744720
2025-07-09,96.6500015258789,97.3499984741211,94.94999694824219,95.6500015258789,16401480
2025-07-10,95.4000015258789,97.5,95.1500015258789,96.05000305175781,12744380
2025-07-11,97.4000015258789,98.0,96.05000305175781,96.8499984741211,15072060
2025-07-14,97.05000305175781,98.30000305175781,95.5,95.9000015258789,13871540
2025-07-15,93.9000015258789,95.69999694824219,93.55000305175781,95.6500015258789,17153880
2025-07-16,95.44999694824219,98.3499984741211,95.0999984741211,95.3499984741211,22175600
2025-07-17,95.0999984741211,95.5,92.9000015258789,93.0999984741211,16407060
2025-07-18,92.5999984741211,94.1500015258789,92.5,93.5,16246760
2025-07-21,93.1500015258789,93.1500015258789,91.19999694824219,92.0999984741211,15911720
2025-07-22,92.1500015258789,94.9000015258789,92.0999984741211,93.55000305175781,18302120
2025-07-23,93.0999984741211,94.5,92.3499984741211,92.3499984741211,17298860
2025-07-24,91.80000305175781,92.69999694824219,91.19999694824219,91.75,15184840
2025-07-25,92.0,92.30000305175781,90.6500015258789,91.25,13551100
2025-07-28,90.6500015258789,91.0999984741211,90.0,90.4000015258789,12938160
2025-07-29,89.25,91.30000305175781,88.5999984741211,90.8499984741211,18188820
2025-07-30,90.5,92.05000305175781,89.3499984741211,90.5,20937520
2025-07-31,87.5,92.5999984741211,87.44999694824219,92.0999984741211,25819980
2025-08-01,95.19999694824219,98.8499984741211,95.0999984741211,97.5999984741211,36714800
2025-08-04,94.94999694824219,95.05000305175781,92.1500015258789,92.25,23359080
2025-08-05,91.69999694824219,94.5,91.0999984741211,94.19999694824219,22758980
2025-08-06,93.80000305175781,94.0999984741211,90.44999694824219,90.6500015258789,23645200
2025-08-07,88.69999694824219,91.80000305175781,87.8499984741211,89.75,24443500
2025-08-08,89.4000015258789,89.5,87.30000305175781,87.4000015258789,20717020
2025-08-11,87.4000015258789,88.8499984741211,86.44999694824219,88.30000305175781,16418600
2025-08-12,87.19999694824219,88.44999694824219,84.80000305175781,84.9000015258789,22596520
2025-08-13,83.80000305175781,85.44999694824219,83.55000305175781,84.80000305175781,18463340
2025-08-14,85.75,85.94999694824219,84.19999694824219,85.05000305175781,23794240
2025-08-15,85.25,87.0999984741211,85.25,86.3499984741211,21603460
2025-08-18,86.80000305175781,87.30000305175781,86.1500015258789,86.44999694824219,15083120
2025-08-19,86.80000305175781,90.5,86.69999694824219,90.0,23100220
2025-08-20,90.55000305175781,95.0,90.44999694824219,91.6500015258789,31209940
2025-08-21,92.5,94.0999984741211,91.4000015258789,92.94999694824219,21477000
2025-08-22,92.4000015258789,93.0999984741211,87.80000305175781,88.75,27113640
2025-08-25,89.55000305175781,90.1500015258789,88.19999694824219,89.5999984741211,13476780
2025-08-26,89.9000015258789,90.4000015258789,88.4000015258789,88.5,12747240
2025-08-27,89.05000305175781,89.6500015258789,87.80000305175781,88.1500015258789,13012560
2025-08-28,87.94999694824219,88.75,86.1500015258789,86.55000305175781,16521680
2025-08-29,87.8499984741211,90.5999984741211,87.69999694824219,89.75,19268640
2025-09-02,94.05000305175781,94.94999694824219,91.9000015258789,92.0,23109080
2025-09-03,90.3499984741211,91.55000305175781,89.0999984741211,89.94999694824219,20334840
2025-09-04,89.6500015258789,90.44999694824219,87.3499984741211,87.44999694824219,16979720
2025-09-05,85.25,89.3499984741211,84.94999694824219,87.25,25967920
2025-09-08,86.25,86.55000305175781,85.0999984741211,86.0,15905560
2025-09-09,85.75,86.9000015258789,85.1500015258789,85.30000305175781,15150780
2025-09-10,83.94999694824219,86.25,83.9000015258789,85.25,19231860
2025-09-11,84.19999694824219,84.94999694824219,83.5,83.80000305175781,18179020
2025-09-12,83.5999984741211,83.94999694824219,82.30000305175781,82.80000305175781,15036720
2025-09-15,82.1500015258789,82.1500015258789,80.69999694824219,80.69999694824219,17396780
2025-09-16,80.4000015258789,81.30000305175781,80.30000305175781,80.94999694824219,13062160
2025-09-17,81.05000305175781,83.80000305175781,80.80000305175781,81.5,31903840
2025-09-18,79.5,80.3499984741211,78.1500015258789,79.30000305175781,25518220
2025-09-19,78.6500015258789,79.19999694824219,77.5,77.75,20087740
2025-09-22,78.19999694824219,78.19999694824219,76.19999694824219,76.44999694824219,17420300
2025-09-23,76.44999694824219,78.5,76.3499984741211,78.0,20372040
2025-09-24,76.3499984741211,78.75,76.19999694824219,77.6500015258789,20499600
2025-09-25,79.19999694824219,80.6500015258789,78.05000305175781,78.69999694824219,32496180
2025-09-26,78.5,79.80000305175781,77.69999694824219,77.75,20720120
2025-09-29,76.5999984741211,77.30000305175781,75.5,76.69999694824219,20127720
2025-09-30,76.94999694824219,77.80000305175781,76.05000305175781,76.1500015258789,21445240
2025-10-01,77.4000015258789,77.75,74.9000015258789,75.05000305175781,22497580
2025-10-02,73.75,75.25,73.69999694824219,74.19999694824219,20235900
2025-10-03,74.0,75.94999694824219,73.69999694824219,75.25,24836420
2025-10-06,73.3499984741211,74.25,72.94999694824219,73.55000305175781,20712160
2025-10-07,73.1500015258789,75.30000305175781,72.9000015258789,74.75,22724580
2025-10-08,74.44999694824219,74.55000305175781,72.0999984741211,72.19999694824219,21926420
2025-10-09,72.25,73.6500015258789,72.19999694824219,72.5,22504300
2025-10-10,72.4000015258789,80.3499984741211,71.75,80.1500015258789,58967620
2025-10-13,76.0,77.05000305175781,74.69999694824219,75.0999984741211,31876580
2025-10-14,77.5999984741211,79.55000305175781,74.8499984741211,76.55000305175781,38124800
2025-10-15,74.3499984741211,77.44999694824219,73.30000305175781,75.05000305175781,31972740
2025-10-16,74.0,77.55000305175781,72.75,75.8499984741211,36159020
2025-10-17,76.75,77.3499984741211,73.8499984741211,74.44999694824219,40094360
2025-10-20,73.3499984741211,73.3499984741211,71.25,71.6500015258789,20891760
2025-10-21,71.69999694824219,72.5,71.30000305175781,71.75,17699380
2025-10-22,72.0,75.9000015258789,71.80000305175781,73.94999694824219,34936080
2025-10-23,74.0999984741211,74.25,71.75,72.0,23555280
2025-10-24,70.25,70.55000305175781,69.3499984741211,69.80000305175781,27381080
2025-10-27,67.3499984741211,67.5,65.94999694824219,66.0999984741211,22024480
2025-10-28,65.44999694824219,65.80000305175781,64.05000305175781,64.5999984741211,23469180
2025-10-29,63.849998474121094,65.5,63.400001525878906,63.79999923706055,29582280
2025-10-30,64.9000015258789,66.75,64.5,66.75,35392720
2025-10-31,64.25,66.6500015258789,64.25,65.80000305175781,33844980
2025-11-03,64.0,65.6500015258789,63.75,64.94999694824219,23038440
2025-11-04,67.69999694824219,69.1500015258789,66.55000305175781,68.94999694824219,36453300
2025-11-05,69.19999694824219,69.6500015258789,66.5,67.55000305175781,27921060
2025-11-06,68.0999984741211,71.8499984741211,68.05000305175781,71.4000015258789,40973920
2025-11-07,72.69999694824219,76.05000305175781,72.0999984741211,72.1500015258789,45688640
2025-11-10,69.0,69.69999694824219,67.05000305175781,67.4000015258789,29860960
2025-11-11,68.30000305175781,69.30000305175781,67.5999984741211,67.94999694824219,23134440
2025-11-12,66.94999694824219,69.25,66.9000015258789,68.1500015258789,25965800
2025-11-13,69.3499984741211,73.0999984741211,69.1500015258789,72.4000015258789,34726220
2025-11-14,75.6500015258789,76.44999694824219,70.6500015258789,72.25,44800880
2025-11-17,73.25,75.5,71.0,74.19999694824219,39675820
2025-11-18,75.75,78.75,74.69999694824219,76.9000015258789,56840520
2025-11-19,76.6500015258789,77.5999984741211,73.0999984741211,75.5999984741211,39235980
2025-11-20,71.1500015258789,81.26000213623047,70.23999786376953,80.91999816894531,58191700
2025-11-21,80.29000091552734,83.0999984741211,76.37000274658203,79.20999908447266,97300400
2025-11-24,77.16000366210938,77.19999694824219,72.55999755859375,73.16000366210938,56920200
2025-11-25,73.79000091552734,76.0199966430664,71.33999633789062,71.83999633789062,56664100
2025-11-26,70.62000274658203,71.36000061035156,69.30999755859375,69.97000122070312,41525600
2025-11-28,69.44000244140625,69.69000244140625,68.37000274658203,68.41000366210938,14389800
2025-12-01,70.26000213623047,70.63999938964844,68.33999633789062,69.0999984741211,35882800
2025-12-02,68.3499984741211,68.98999786376953,66.91000366210938,67.5,37882000
2025-12-03,68.30000305175781,68.81999969482422,66.80999755859375,67.02999877929688,37473500
2025-12-04,66.62999725341797,68.3499984741211,66.61000061035156,67.26000213623047,33360100
2025-12-05,66.87000274658203,67.08000183105469,65.38999938964844,66.48999786376953,38973900
2025-12-08,66.0,67.75,65.47000122070312,66.93000030517578,33707700
2025-12-09,67.37000274658203,67.80999755859375,66.43000030517578,66.69000244140625,28086600
2025-12-10,67.12000274658203,68.0199966430664,65.4000015258789,65.91999816894531,58536100
2025-12-11,67.13999938964844,69.05000305175781,66.51000213623047,66.56999969482422,45512400
2025-12-12,67.79000091552734,71.20999908447266,67.30999755859375,70.5,55697900
2025-12-15,68.87999725341797,72.0,68.87999725341797,71.58999633789062,43859900
2025-12-16,72.41000366210938,72.87000274658203,70.55000305175781,71.16999816894531,48792800
2025-12-17,70.73999786376953,75.19000244140625,70.52999877929688,75.13999938964844,51019500
2025-12-18,71.68000030517578,72.7300033569336,70.4800033569336,71.91999816894531,59184500
2025-12-19,70.98999786376953,71.01000213623047,68.9800033569336,69.12000274658203,32157600
2025-12-22,67.48999786376953,68.69000244140625,67.37999725341797,68.20999908447266,25375600
2025-12-23,68.56999969482422,68.69999694824219,67.18000030517578,67.23999786376953,18866500
2025-12-24,65.86000061035156,65.94999694824219,65.12999725341797,65.22000122070312,10762000
2025-12-26,65.0999984741211,65.56999969482422,64.80999755859375,65.33000183105469,11011700
2025-12-29,66.54000091552734,66.97000122070312,65.69999694824219,66.30000305175781,19643900
2025-12-30,66.6500015258789,66.86000061035156,65.91000366210938,66.77999877929688,16168500
2025-12-31,66.77999877929688,68.58000183105469,66.66999816894531,68.5,19400200
2026-01-02,66.6500015258789,69.9800033569336,65.7300033569336,68.97000122070312,37902400
2026-01-05,66.93000030517578,67.77999877929688,66.4000015258789,67.36000061035156,32142800
2026-01-06,67.0,67.20999908447266,65.41000366210938,65.61000061035156,35013700
2026-01-07,65.76000213623047,65.91000366210938,64.20999908447266,65.41999816894531,35817500
2026-01-08,65.77999877929688,67.41999816894531,65.66000366210938,66.58999633789062,35295900
2026-01-09,66.37999725341797,67.12000274658203,64.2699966430664,64.66999816894531,42801200
2026-01-12,66.02999877929688,66.04000091552734,64.02999877929688,64.51000213623047,31377100
2026-01-13,64.54000091552734,65.62000274658203,63.849998474121094,64.8499984741211,40141900
2026-01-14,66.0999984741211,68.5,65.73999786376953,66.94000244140625,50152000
2026-01-15,64.69999694824219,66.55999755859375,64.4800033569336,66.26000213623047,41135500
2026-01-16,65.16000366210938,67.27999877929688,64.98999786376953,66.58000183105469,34516400
2026-01-20,69.9800033569336,71.0999984741211,68.54000091552734,70.7699966430664,48533000
2026-01-21,70.30999755859375,70.87000274658203,66.48999786376953,67.97000122070312,65272600
2026-01-22,65.95999908447266,67.45999908447266,65.93000030517578,66.47000122070312,42429200
2026-01-23,66.87999725341797,67.2300033569336,65.05999755859375,65.91000366210938,40892600
2026-01-26,65.81999969482422,66.1500015258789,64.41000366210938,65.06999969482422,33951800
2026-01-27,64.04000091552734,64.5199966430664,63.04999923706055,63.33000183105469,31578500
2026-01-28,62.060001373291016,63.15999984741211,61.720001220703125,62.790000915527344,45293900
2026-01-29,62.90999984741211,67.19999694824219,62.619998931884766,63.880001068115234,77620900
2026-01-30,65.11000061035156,67.05000305175781,64.31999969482422,66.26000213623047,81551000
2026-02-02,67.29000091552734,67.30000305175781,64.16000366210938,64.91000366210938,46862600
2026-02-03,64.29000091552734,69.66000366210938,64.13999938964844,67.95999908447266,56719700
2026-02-04,68.45999908447266,73.26000213623047,68.44000244140625,71.48999786376953,81393000
2026-02-05,73.5199966430664,75.41999816894531,71.87000274658203,74.58000183105469,79551300
2026-02-06,73.54000091552734,74.06999969482422,69.3499984741211,69.98999786376953,62455700
2026-02-09,70.73999786376953,71.58999633789062,67.68000030517578,68.41000366210938,45536800
2026-02-10,68.0999984741211,69.5199966430664,67.54000091552734,69.37999725341797,40834900
2026-02-11,67.72000122070312,70.69000244140625,67.33999633789062,68.87999725341797,55861800
2026-02-12,68.33000183105469,73.43000030517578,67.94999694824219,73.0999984741211,61833000
2026-02-13,73.26000213623047,74.73999786376953,71.05999755859375,72.7300033569336,78110800
2026-02-17,74.04000091552734,75.86000061035156,72.01000213623047,72.95999908447266,71549400
2026-02-18,72.69999694824219,73.19000244140625,69.91999816894531,71.4000015258789,55758200
2026-02-19,72.44999694824219,73.18000030517578,71.38999938964844,72.20999908447266,50295400
2026-02-20,73.51000213623047,73.80999755859375,69.83000183105469,70.37000274658203,75740300
2026-02-23,71.13999938964844,73.77999877929688,70.66999816894531,72.95999908447266,54439400
2026-02-24,72.6500015258789,73.61000061035156,70.25,70.66000366210938,45294000
2026-02-25,69.55000305175781,69.58000183105469,67.55000305175781,67.63999938964844,40385600
2026-02-26,68.0,71.81999969482422,67.98999786376953,70.06999969482422,57715800
2026-02-27,72.33000183105469,72.5999984741211,70.5,70.8499984741211,57208800
2026-03-02,73.80000305175781,74.12000274658203,69.94000244140625,70.58999633789062,68259800
2026-03-03,74.69000244140625,76.25,72.05000305175781,72.87000274658203,94170600
2026-03-04,71.98999786376953,72.2300033569336,68.80999755859375,69.62000274658203,63022100
2026-03-05,70.70999908447266,72.5,68.91999816894531,70.26000213623047,79927100
2026-03-06,73.2699966430664,73.94999694824219,71.33000183105469,73.45999908447266,59856700
2026-03-09,75.55999755859375,76.61000061035156,70.0,70.5999984741211,77827900
2026-03-10,70.58000183105469,71.41000366210938,68.68000030517578,70.58999633789062,64533300
2026-03-11,70.19999694824219,71.56999969482422,69.0,70.6500015258789,54975600
2026-03-12,72.4000015258789,74.37999725341797,71.91000366210938,74.33000183105469,54968800
2026-03-13,73.47000122070312,76.1500015258789,72.04000091552734,75.73999786376953,61870300
2026-03-16,73.36000061035156,73.68000030517578,71.86000061035156,73.20999908447266,48893200
2026-03-17,72.20999908447266,72.68000030517578,71.20999908447266,72.1500015258789,40038500
2026-03-18,72.81999969482422,75.30999755859375,72.25,75.20999908447266,52923300
2026-03-19,77.27999877929688,78.19000244140625,74.87999725341797,75.91000366210938,66223900
2026-03-20,76.7699966430664,81.58999633789062,76.76000213623047,80.25,57151900
2026-03-23,76.48999786376953,78.33000183105469,74.55999755859375,77.4800033569336,69991600
2026-03-24,78.79000091552734,79.9000015258789,77.55000305175781,79.13999938964844,57159200
2026-03-25,76.43000030517578,77.80000305175781,75.51000213623047,76.95999908447266,54149200
2026-03-26,79.0199966430664,82.62000274658203,78.25,82.5,53752500
2026-03-27,83.87000274658203,87.86000061035156,83.77999877929688,87.41999816894531,60210400
2026-03-30,85.2699966430664,90.72000122070312,84.88999938964844,89.41999816894531,63811000
2026-03-31,86.62000274658203,86.66000366210938,79.73999786376953,80.48999786376953,90124800
2026-04-01,78.62000274658203,79.06999969482422,76.02999877929688,77.44999694824219,55417000
2026-04-02,81.69999694824219,82.5,76.93000030517578,77.29000091552734,71844000
2026-04-06,76.8499984741211,77.44999694824219,75.0999984741211,75.91999816894531,40289600
2026-04-07,77.08000183105469,79.87999725341797,75.79000091552734,75.91000366210938,68143900
2026-04-08,68.20999908447266,70.7300033569336,67.75,69.19999694824219,61640500
2026-04-09,69.31999969482422,70.30000305175781,67.72000122070312,67.86000061035156,49074900
2026-04-10,67.37999725341797,68.12999725341797,66.75,67.62000274658203,43204600
2026-04-13,68.19999694824219,68.62999725341797,65.5,65.56999969482422,48930300
2026-04-14,64.66999816894531,64.68000030517578,62.02000045776367,62.02000045776367,48186000
2026-04-15,61.880001068115234,62.150001525878906,59.349998474121094,59.439998626708984,56491900
2026-04-16,58.95000076293945,60.060001373291016,58.11000061035156,58.61000061035156,54954400
2026-04-17,57.25,57.66999816894531,56.040000915527344,56.38999938964844,69145600
2026-04-20,56.59000015258789,58.040000915527344,56.40999984741211,56.90999984741211,47649200
2026-04-21,56.52000045776367,58.150001525878906,56.040000915527344,57.59000015258789,68578200
2026-04-22,56.04999923706055,56.4900016784668,54.65999984741211,54.72999954223633,53235600
2026-04-23,55.130001068115234,57.13999938964844,54.279998779296875,55.65999984741211,69263700
2026-04-24,53.93000030517578,54.43000030517578,52.369998931884766,52.5,59409200
2026-04-27,52.66999816894531,53.310001373291016,52.41999816894531,52.45000076293945,36527300
2026-04-28,54.09000015258789,54.959999084472656,53.58000183105469,54.04999923706055,47683100
2026-04-29,53.84000015258789,54.33000183105469,53.060001373291016,53.08000183105469,51299500
2026-04-30,52.209999084472656,54.09000015258789,51.400001525878906,51.650001525878906,56560700
2026-05-01,51.36000061035156,51.45000076293945,49.790000915527344,50.220001220703125,56598700
2026-05-04,50.119998931884766,51.43000030517578,49.650001525878906,50.5099983215332,51093600
2026-05-05,49.400001525878906,49.4900016784668,48.29999923706055,48.59000015258789,43491800
2026-05-06,47.2599983215332,47.540000915527344,45.52000045776367,45.59000015258789,65025500
2026-05-07,45.40999984741211,46.36000061035156,44.5,45.72999954223633,76149600
2026-05-08,44.81999969482422,44.88999938964844,42.56999969482422,42.56999969482422,60666300
2026-05-11,42.7400016784668,43.0,41.9900016784668,42.220001220703125,49617200
2026-05-12,43.13999938964844,45.189998626708984,42.790000915527344,43.310001373291016,80149500
2026-05-13,42.83000183105469,43.77000045776367,41.599998474121094,41.9900016784668,61590100
2026-05-14,41.97999954223633,42.060001373291016,40.68000030517578,41.06999969482422,52849900
2026-05-15,42.77000045776367,43.56999969482422,41.93000030517578,42.97999954223633,69281500
2026-05-18,42.5099983215332,44.81999969482422,42.439998626708984,43.540000915527344,79060500
2026-05-19,44.68000030517578,45.529998779296875,43.459999084472656,44.369998931884766,72124400
2026-05-20,43.66999816894531,43.970001220703125,42.189998626708984,42.189998626708984,65312500
2026-05-21,42.939998626708984,43.33000183105469,41.5,41.959999084472656,60271600
2026-05-22,41.400001525878906,41.779998779296875,40.68000030517578,41.5,53464000
2026-05-26,40.04999923706055,40.349998474121094,39.13999938964844,39.279998779296875,48878500
2026-05-27,38.869998931884766,40.09000015258789,38.86000061035156,39.439998626708984,64039900
2026-05-28,39.40999984741211,39.939998626708984,38.29999923706055,38.470001220703125,61136500
2026-05-29,38.150001525878906,38.560001373291016,37.560001373291016,38.08000183105469,54182400
2026-06-01,38.27000045776367,38.459999084472656,36.959999084472656,37.41999816894531,56499300
2026-06-02,37.470001220703125,37.95000076293945,36.86000061035156,36.90999984741211,41717800
2026-06-03,36.72999954223633,37.689998626708984,36.54999923706055,37.189998626708984,73361700
2026-06-04,38.529998779296875,38.959999084472656,37.33000183105469,37.7599983215332,60863200
2026-06-05,39.41999816894531,43.349998474121094,39.18000030517578,43.189998626708984,112575100
2026-06-08,40.91999816894531,41.779998779296875,39.959999084472656,41.2599983215332,87211700
2026-06-09,40.060001373291016,46.380001068115234,39.59000015258789,42.66999816894531,158568600
2026-06-10,43.810001373291016,45.38999938964844,42.06999969482422,45.25,128808600
2026-06-11,44.18000030517578,45.0099983215332,40.439998626708984,40.83000183105469,120942600
2026-06-12,40.650001525878906,41.75,39.56999969482422,40.040000915527344,67885500
2026-06-15,37.25,37.36000061035156,36.150001525878906,36.310001373291016,59705000
2026-06-16,36.540000915527344,38.38999938964844,36.2599983215332,38.349998474121094,53011100
2026-06-17,37.529998779296875,39.790000915527344,37.459999084472656,39.52000045776367,74068600
2026-06-18,37.20000076293945,37.95000076293945,36.43000030517578,36.75,60260800
2026-06-22,36.310001373291016,37.439998626708984,35.79999923706055,36.93000030517578,49284500
2026-06-23,40.2599983215332,40.79999923706055,39.08000183105469,40.560001373291016,72155500
2026-06-24,39.65999984741211,41.4900016784668,38.900001525878906,40.45000076293945,71325400
2026-06-25,37.869998931884766,41.369998931884766,37.709999084472656,39.470001220703125,74579700
2026-06-26,41.08000183105469,41.790000915527344,39.689998626708984,41.310001373291016,70343200
2026-06-29,39.90999984741211,41.43000030517578,38.08000183105469,38.15999984741211,72454800
2026-06-30,38.15999984741211,38.20000076293945,36.029998779296875,36.310001373291016,56647900
2026-07-01,37.310001373291016,37.97999954223633,36.900001525878906,37.880001068115234,47904300
2026-07-02,37.90999984741211,40.720001220703125,37.08000183105469,39.95000076293945,71536700
2026-07-06,38.75,38.97999954223633,37.709999084472656,38.279998779296875,49329800
2026-07-07,39.63999938964844,41.11000061035156,39.290000915527344,40.380001068115234,59058000
2026-07-08,41.18000030517578,41.86000061035156,39.93000030517578,40.08000183105469,65536300
2026-07-09,38.93000030517578,39.470001220703125,37.93000030517578,38.099998474121094,49639000
2026-07-10,38.4900016784668,39.13999938964844,37.63999938964844,37.779998779296875,46502400
2026-07-13,39.0099983215332,40.209999084472656,38.849998474121094,39.95000076293945,49556900
2026-07-14,38.540000915527344,39.529998779296875,38.189998626708984,38.630001068115234,51166800
2026-07-15,37.97999954223633,40.16999816894531,37.88999938964844,38.939998626708984,54608500
2026-07-16,39.900001525878906,41.439998626708984,39.650001525878906,40.88999938964844,53850200
2026-07-17,43.43000030517578,44.27000045776367,41.59000015258789,42.790000915527344,57071700
2026-07-20,41.540000915527344,42.7599983215332,40.869998931884766,42.68000030517578,48043000
2026-07-21,40.7599983215332,41.45000076293945,40.11000061035156,40.310001373291016,42590100
2026-07-22,41.22999954223633,41.22999954223633,40.20000076293945,40.939998626708984,39488300
2026-07-23,42.810001373291016,44.0099983215332,42.11000061035156,43.27000045776367,53258300
2026-07-24,43.619998931884766,45.11000061035156,43.209999084472656,44.790000915527344,56609400
2026-07-27,43.31999969482422,46.43000030517578,43.220001220703125,45.220001220703125,49533800
2026-07-28,46.400001525878906,48.060001373291016,45.77000045776367,46.5099983215332,58376200
2026-07-29,46.560001373291016,49.529998779296875,45.630001068115234,49.439998626708984,67201900
2026-07-30,46.5099983215332,46.849998474121094,44.20000076293945,44.619998931884766,65273700
2026-07-31,42.93000030517578,45.279998779296875,42.220001220703125,43.72999954223633,60246600
2026-08-03,43.66999816894531,44.15999984741211,41.15999984741211,41.43000030517578,139019300
2026-08-04,40.0099983215332,40.11000061035156,36.90999984741211,37.2599983215332,78911900
2026-08-05,36.900001525878906,38.31999969482422,36.529998779296875,38.290000915527344,55642300
2026-08-06,39.33000183105469,39.68000030517578,37.959999084472656,38.70000076293945,54593800
2026-08-07,37.86000061035156,38.459999084472656,37.29999923706055,37.400001525878906,52557900
2026-08-10,37.5099983215332,37.83000183105469,37.150001525878906,37.72999954223633,38040800
2026-08-11,37.369998931884766,38.540000915527344,37.369998931884766,38.13999938964844,36101100
2026-08-12,36.790000915527344,37.439998626708984,36.7599983215332,37.31999969482422,41761500
2026-08-13,37.11000061035156,37.279998779296875,35.7400016784668,36.040000915527344,47286300
2026-08-14,35.880001068115234,36.63999938964844,35.7400016784668,36.2400016784668,36430900
2026-08-17,35.97999954223633,36.5099983215332,35.720001220703125,36.41999816894531,38198600
2026-08-18,37.869998931884766,38.529998779296875,37.59000015258789,38.279998779296875,42517300
2026-08-19,37.83000183105469,39.08000183105469,37.65999984741211,38.529998779296875,43857600
2026-08-20,39.18000030517578,39.77000045776367,38.7400016784668,39.369998931884766,47588500
2026-08-21,38.709999084472656,39.720001220703125,38.63999938964844,39.02000045776367,37668600
2026-08-24,39.650001525878906,40.790000915527344,39.63999938964844,40.189998626708984,37596100
2026-08-25,39.380001068115234,40.02000045776367,38.88999938964844,39.459999084472656,32723400
2026-08-26,39.86000061035156,39.93000030517578,39.09000015258789,39.380001068115234,31412400
2026-08-27,38.459999084472656,38.86000061035156,37.72999954223633,37.779998779296875,40207300
2026-08-28,38.02000045776367,38.7599983215332,37.33000183105469,38.540000915527344,46992100
2026-08-31,38.77000045776367,39.09000015258789,38.369998931884766,38.5099983215332,33825600
2026-09-01,40.029998779296875,40.470001220703125,39.22999954223633,39.970001220703125,47290000
2026-09-02,40.09000015258789,40.43000030517578,39.630001068115234,39.709999084472656,33711900
2026-09-03,39.4900016784668,39.68000030517578,38.119998931884766,38.34000015258789,44249300
2026-09-04,38.119998931884766,38.58000183105469,37.720001220703125,38.18000030517578,35593400
2026-09-08,37.88999938964844,38.7400016784668,37.75,38.310001373291016,40040900
2026-09-09,38.630001068115234,39.0099983215332,38.099998474121094,38.63999938964844,38790000
2026-09-10,40.08000183105469,40.189998626708984,39.349998474121094,39.900001525878906,48251200
2026-09-11,38.77000045776367,39.099998474121094,38.41999816894531,38.869998931884766,49413100
2026-09-14,40.779998779296875,40.880001068115234,39.209999084472656,39.83000183105469,45558100
2026-09-15,39.90999984741211,40.779998779296875,39.790000915527344,40.619998931884766,33119200
2026-09-16,40.060001373291016,41.439998626708984,39.369998931884766,40.61000061035156,52947600
2026-09-17,38.689998626708984,39.13999938964844,38.33000183105469,38.529998779296875,45876700
2026-09-18,38.2599983215332,38.869998931884766,37.79999923706055,37.869998931884766,32745000
2026-09-21,36.72999954223633,36.7400016784668,34.310001373291016,34.599998474121094,60885300
2026-09-22,34.65999984741211,34.65999984741211,33.63999938964844,33.77000045776367,42043100
2026-09-23,33.369998931884766,34.540000915527344,33.349998474121094,34.13999938964844,50465700
2026-09-24,34.97999954223633,35.060001373291016,33.95000076293945,34.18000030517578,60040200
2026-09-25,33.970001220703125,34.40999984741211,33.540000915527344,33.75,48494500
2026-09-28,34.310001373291016,35.529998779296875,34.16999816894531,34.83000183105469,52829100
2026-09-29,34.34000015258789,35.02000045776367,34.279998779296875,34.65999984741211,38995500
2026-09-30,34.36000061035156,34.439998626708984,33.65999984741211,34.40999984741211,45386500
2026-10-01,34.040000915527344,34.91999816894531,33.7400016784668,34.11000061035156,54570800
2026-10-02,32.869998931884766,33.40999984741211,32.439998626708984,33.119998931884766,54817900
2026-10-05,33.16999816894531,33.20000076293945,32.15999984741211,32.25,41855900
2026-10-06,31.719999313354492,31.899999618530273,31.420000076293945,31.829999923706055,38928300
2026-10-07,32.58000183105469,32.84000015258789,32.02000045776367,32.06999969482422,42837300
2026-10-08,32.58000183105469,33.939998626708984,32.15999984741211,33.369998931884766,60636900
